,symptom,met_mean,mean_ci,low_ci,high_ci,data_mean,data_high_ci,data_low_ci
0,Fever,79.1,(68.0-90.3),68.0,90.3,0.4130335016062414,0.6883891693437356,0.18357044515832951
1,Cough,58.0,(42.0-74.0),42.0,74.0,15.006883891693438,16.521340064249657,13.492427719137218
2,Fatigue,29.3,(23.4-35.3),23.4,35.3,5.277650298301973,6.195502524093621,4.359798072510325
3,Shortness of breath,3.5,(2.2-4.9),2.2,4.9,1.9274896741624599,2.524093620927031,1.3767783386874712
4,Nausea or vomiting,2.0,(1.0-2.9),1.0,2.9,0.6883891693437356,1.0555300596603947,0.36714089031665903
5,Diarrhea,5.7,(3.9-7.5),3.9,7.5,1.698026617714548,2.2946305644791187,1.1932078935291417
6,Rhinorrhea or nasal congestion,1.1,(0.3-1.9),0.3,1.9,12.895823772372648,14.27260211106012,11.519045433685177
7,Muscle pains,3.8,(2.4-5.2),2.4,5.2,3.900871959614502,4.726938962826985,3.1206975676916016
