,symptom,met_mean,mean_ci,low_ci,high_ci,data_mean,data_high_ci,data_low_ci
0,Fever,79.1,(68.0-90.3),68.0,90.3,0.3024543196858915,0.3440764737711059,0.26360697587302473
1,Cough,58.0,(42.0-74.0),42.0,74.0,13.543848939328774,13.79635667411241,13.299665635362182
2,Fatigue,29.3,(23.4-35.3),23.4,35.3,4.0220874897678875,4.1663776239299635,3.879184760741984
3,Shortness of breath,3.5,(2.2-4.9),2.2,4.9,1.925718329009254,2.028386309086116,1.828599969477087
4,Nausea or vomiting,2.0,(1.0-2.9),1.0,2.9,0.5799353469206543,0.6354315523676068,0.5258265466098756
5,Diarrhea,5.7,(3.9-7.5),3.9,7.5,1.7328690150810937,1.8272125643409132,1.637138060685101
6,Rhinorrhea or nasal congestion,1.1,(0.3-1.9),0.3,1.9,13.216421327191751,13.459217226022172,12.961138782135773
7,Muscle pains,3.8,(2.4-5.2),2.4,5.2,3.154959279659254,3.282600552187244,3.028705412267436
